,_id,activityHotness,coins,description,hotness,originalImageUrl,primaryCategory,publishedAt,similarArticles,source,sourceDomain,title,url,words
0,5fb2b2939c29cf00173fca90,0.10198026272961798,"[{'_id': '59cb59e81c073f09e76f614b', 'name': 'Bitcoin', 'slug': 'bitcoin', 'tradingSymbol': 'BTC'}, {'_id': '5cd36d8270d74700100891ad', 'name': 'NEXT', 'slug': 'next', 'tradingSymbol': 'NET'}, {'_id': '59d21e9b83a0523906a45f2b', 'name': 'Altcoin', 'slug': 'altcoin-alt', 'tradingSymbol': 'alt'}, {'_id': '5e3844a816c3760019f74be2', 'name': 'Rally', 'slug': 'rally', 'tradingSymbol': 'RALLY'}, {'_id': '5a7b931102ac032bc99781f1', 'name': 'DATA', 'slug': 'data', 'tradingSymbol': 'DTA'}]","Bitcoin has faced some intense buying pressure throughout the past few hours, allowing its price to see some immense gains. This upside comes as Ethereum and the rest of the altcoin market all consolidate, with attention shifting back towards BTC. The cryptocurrency still has a way to go before it…",74330.92619322569,https://www.newsbtc.com/wp-content/uploads/2020/11/emily-morter-8xAA0f9yQnE-unsplash-scaled.jpg,General,2020-11-16T16:56:43.000Z,[],"{'_id': '59d71bd7ef8bf95cc2aaf579', 'name': 'NewsBTC', 'url': 'http://www.newsbtc.com', 'favicon': 'https://assets.cryptocontrol.io/favicons/59d71bd7ef8bf95cc2aaf579.png'}",newsbtc.com,This On-Chain Metric Suggests Bitcoin is “Vulnerable” to Seeing Major Downside,https://cryptocontrol.io/r/api/article/5fb2b2939c29cf00173fca90?ref=5d2381021af7e4001116bb08,432
1,5fb2b2f49c29cf00173fcac5,0.10099503308531682,"[{'_id': '59cb59e81c073f09e76f614b', 'name': 'Bitcoin', 'slug': 'bitcoin', 'tradingSymbol': 'BTC'}, {'_id': '59d8e9a849f28d56105674fd', 'name': 'First Bitcoin', 'slug': 'first-bitcoin', 'tradingSymbol': 'BIT'}, {'_id': '5cd36d8270d74700100891ad', 'name': 'NEXT', 'slug': 'next', 'tradingSymbol': 'NET'}, {'_id': '5c05c3873c4bad0016c2504d', 'name': 'Online', 'slug': 'online', 'tradingSymbol': 'oio'}]","Major bitcoin mining pool Poolin has launched an initiative activate Taproot, which will ultimately require miner support.
",74330.89826355161,https://bitcoinmagazine.com/wp-content/uploads/2020/11/bitcoin-magazine-poolin-taproot-1-1200x630-cropped.png,Mining,2020-11-16T16:47:01.000Z,[],"{'_id': '59d8c361ef8bf95cc2bfb66f', 'name': 'Bitcoin Magazine', 'url': 'https://bitcoinmagazine.com/', 'favicon': 'https://assets.cryptocontrol.io/favicons/59d8c361ef8bf95cc2bfb66f.png'}",bitcoinmagazine.com,"Poolin Launches Initiative To Activate Taproot, Encouraging Other Mining Pools To Join",https://cryptocontrol.io/r/api/article/5fb2b2f49c29cf00173fcac5?ref=5d2381021af7e4001116bb08,1126
2,5fb2af690c8909001790e16e,0.10769610411361284,"[{'_id': '5a7b931102ac032bc99781f1', 'name': 'DATA', 'slug': 'data', 'tradingSymbol': 'DTA'}, {'_id': '5bad6f050c38a7001993d74a', 'name': 'WELL', 'slug': 'well', 'tradingSymbol': 'well'}, {'_id': '59cb59e81c073f09e76f614b', 'name': 'Bitcoin', 'slug': 'bitcoin', 'tradingSymbol': 'BTC'}]","Moderna Therapeutics announced successful results of trials for its COVID-19 vaccine. This sent the company shares to the skies while Bitcoin charted a fresh high for 2020.
",74330.86959425226,https://cryptopotato.com/wp-content/uploads/2020/11/moderna_cover.jpg,General,2020-11-16T16:34:17.000Z,[],"{'_id': '5ce406880175730010f47558', 'name': 'Crypto Potato', 'url': 'https://cryptopotato.com/', 'favicon': 'https://assets.cryptocontrol.io/favicons/5ce406880175730010f47558.png'}",cryptopotato.com,Moderna COVID-19 Vaccine News Sends Bitcoin To a New 2020 High,https://cryptocontrol.io/r/api/article/5fb2af690c8909001790e16e?ref=5d2381021af7e4001116bb08,428
3,5fb2b2a39c29cf00173fcaa0,0.10198026272961798,"[{'_id': '5e3844a816c3760019f74b72', 'name': 'Defi', 'slug': 'defi', 'tradingSymbol': 'DEFI'}, {'_id': '59cb59e81c073f09e76f614b', 'name': 'Bitcoin', 'slug': 'bitcoin', 'tradingSymbol': 'BTC'}, {'_id': '5e3844a816c3760019f74be2', 'name': 'Rally', 'slug': 'rally', 'tradingSymbol': 'RALLY'}]","Bitcoin is mounting a strong bounce from the weekend lows of $15,700. Just minutes ago, the leading cryptocurrency broke to $16,500 and passed it for the first time this year. At its local highs, BTC traded for $16,550. While BTC trades slightly below those highs, it is positioned to move higher as…",74330.8311469294,https://www.newsbtc.com/wp-content/uploads/2020/10/mathieu-olivares-teEw39zg1UI-unsplash-scaled.jpg,General,2020-11-16T16:22:30.000Z,[],"{'_id': '59d71bd7ef8bf95cc2aaf579', 'name': 'NewsBTC', 'url': 'http://www.newsbtc.com', 'favicon': 'https://assets.cryptocontrol.io/favicons/59d71bd7ef8bf95cc2aaf579.png'}",newsbtc.com,"Bitcoin Just Broke to $16,500: 3 Reasons Why Analysts Expect More Upside",https://cryptocontrol.io/r/api/article/5fb2b2a39c29cf00173fcaa0?ref=5d2381021af7e4001116bb08,348
4,5fb2b4999c29cf00173fd416,0.1,"[{'_id': '59cb59e81c073f09e76f614b', 'name': 'Bitcoin', 'slug': 'bitcoin', 'tradingSymbol': 'BTC'}, {'_id': '5e3844a816c3760019f74b72', 'name': 'Defi', 'slug': 'defi', 'tradingSymbol': 'DEFI'}, {'_id': '59d8e9a749f28d5610567499', 'name': 'President Trump', 'slug': 'president-trump', 'tradingSymbol': 'pres'}, {'_id': '59d21e9b83a0523906a45e64', 'name': 'Quantum', 'slug': 'quantum', 'tradingSymbol': 'qau'}]",Security and Exchange Commission (SEC) chairman Jay Clayton has informed that he would be concluding his term early by this year’s end as opposed to his official term until June 2021. Clayton was appointed by Trump and his decision is believed to be linked to the defeat of Donald Trump in the highly…,74330.82277777778,https://cdn.coingape.com/wp-content/uploads/2020/10/03210943/SEC-Jay-Clayton.jpeg,Blockchain,2020-11-16T16:20:12.000Z,[],"{'_id': '5acce099ec0af7be35c79e60', 'name': 'CoinGape', 'url': 'https://coingape.com', 'favicon': 'https://assets.cryptocontrol.io/favicons/5acce099ec0af7be35c79e60.png'}",coingape.com,"Trump Elect SEC Chairman Announces Early Departure, Could This Pave Way for Bitcoin ETF?",https://cryptocontrol.io/r/api/article/5fb2b4999c29cf00173fd416?ref=5d2381021af7e4001116bb08,571
5,5fb2a3a0bd9bd10018ee8b46,0.12311117209633866,"[{'_id': '59cb59e81c073f09e76f614b', 'name': 'Bitcoin', 'slug': 'bitcoin', 'tradingSymbol': 'BTC'}, {'_id': '59d21e9b83a0523906a45daf', 'name': 'Bitcoin Cash', 'slug': 'bitcoin-cash', 'tradingSymbol': 'BCH'}, {'_id': '59cb59f9b0836b0a63aebc7c', 'name': 'Ethereum', 'tradingSymbol': 'ETH', 'slug': 'ethereum'}, {'_id': '5a7b930d02ac032bc99781ba', 'name': 'Dai', 'slug': 'dai', 'tradingSymbol': 'dai'}, {'_id': '5e3844a816c3760019f74b4a', 'name': 'Akropolis ', 'slug': 'akropolis', 'tradingSymbol': 'AKRO'}, {'_id': '5e3844a816c3760019f74b72', 'name': 'Defi', 'slug': 'defi', 'tradingSymbol': 'DEFI'}, {'_id': '5a1aafdbda3d21115462ee14', 'name': 'Change', 'slug': 'change', 'tradingSymbol': 'CAG'}, {'_id': '5b6a328530a21d000f00ae48', 'name': 'Giant', 'slug': 'giant-coin', 'tradingSymbol': 'GIC'}]","This week two well known tech executives revealed they have been dabbling in bitcoin and other cryptocurrencies. In a recent interview, Skype cofounder Jaan Tallinn detailed that he held bitcoin and ethereum in his personal finances, while the Intercom cofounder Eoghan McCabe tweeted on Sunday that…",74330.80639820914,https://news.bitcoin.com/wp-content/uploads/2020/11/big-tech-execs-and-bitcoin-skype-cofounder-keeps-personal-wealth-in-crypto-intercom-chairman-firmly-jumps-on-the-bitcoin-wagon-.jpg,General,2020-11-16T16:05:59.000Z,[],"{'_id': '59d71c67ef8bf95cc2ab0147', 'name': 'Bitcoin.com', 'url': 'https://news.bitcoin.com/', 'favicon': 'https://assets.cryptocontrol.io/favicons/59d71c67ef8bf95cc2ab0147.png'}",news.bitcoin.com,"Big Tech Execs and Bitcoin: Skype Cofounder Keeps Personal Wealth in Crypto, Intercom Chairman ‘Firmly Jumps on the Bitcoin Wagon’",https://cryptocontrol.io/r/api/article/5fb2a3a0bd9bd10018ee8b46?ref=5d2381021af7e4001116bb08,1184
6,5fb2b2c09c29cf00173fcab0,0.10099503308531682,"[{'_id': '59cb59e81c073f09e76f614b', 'name': 'Bitcoin', 'slug': 'bitcoin', 'tradingSymbol': 'BTC'}, {'_id': '59d21e9b83a0523906a45daf', 'name': 'Bitcoin Cash', 'slug': 'bitcoin-cash', 'tradingSymbol': 'BCH'}, {'_id': '59cb59f9b0836b0a63aebc7c', 'name': 'Ethereum', 'tradingSymbol': 'ETH', 'slug': 'ethereum'}, {'_id': '5a7b930d02ac032bc99781ba', 'name': 'Dai', 'slug': 'dai', 'tradingSymbol': 'dai'}, {'_id': '5e3844a816c3760019f74b4a', 'name': 'Akropolis ', 'slug': 'akropolis', 'tradingSymbol': 'AKRO'}, {'_id': '5e3844a816c3760019f74b72', 'name': 'Defi', 'slug': 'defi', 'tradingSymbol': 'DEFI'}, {'_id': '5a1aafdbda3d21115462ee14', 'name': 'Change', 'slug': 'change', 'tradingSymbol': 'CAG'}, {'_id': '5b6a328530a21d000f00ae48', 'name': 'Giant', 'slug': 'giant-coin', 'tradingSymbol': 'GIC'}]","This week two well known tech executives revealed they have been dabbling in bitcoin and other cryptocurrencies. In a recent interview, Skype cofounder Jaan Tallinn detailed that he held bitcoin and ethereum in his personal finances, while the Intercom cofounder Eoghan McCabe tweeted on Sunday that…",74330.78428207013,https://news.bitcoin.com/wp-content/uploads/2020/11/big-tech-execs-and-bitcoin-skype-cofounder-keeps-personal-wealth-in-crypto-intercom-chairman-firmly-jumps-on-the-bitcoin-wagon-.jpg,General,2020-11-16T16:05:59.000Z,[],"{'_id': '59d71c67ef8bf95cc2ab0147', 'name': 'Bitcoin.com', 'url': 'https://news.bitcoin.com/', 'favicon': 'https://assets.cryptocontrol.io/favicons/59d71c67ef8bf95cc2ab0147.png'}",news.bitcoin.com,"Big Tech Execs and Bitcoin: Skype Cofounder Keeps Personal Wealth in Crypto, Intercom Chairman ‘Firmly Jumps on the Bitcoin Wagon’",https://cryptocontrol.io/r/api/article/5fb2b2c09c29cf00173fcab0?ref=5d2381021af7e4001116bb08,1184
7,5fb2a7cabd9bd10018eeb5bf,0.11570037488096648,"[{'_id': '5e3844a816c3760019f74b72', 'name': 'Defi', 'slug': 'defi', 'tradingSymbol': 'DEFI'}, {'_id': '5e3844a816c3760019f74b4a', 'name': 'Akropolis ', 'slug': 'akropolis', 'tradingSymbol': 'AKRO'}, {'_id': '59cb59e81c073f09e76f614b', 'name': 'Bitcoin', 'slug': 'bitcoin', 'tradingSymbol': 'BTC'}]","On November 14th, Value DeFi–a yield aggregating protocol–was exploited for $7.4 million. The attacker used the popular attack method of taking out a flash-loan to alter the prices of tokens in Value DeFi’s vaults before buying up the cheap tokens for themself. Subsequently, the attacker returned $2…",74330.77523741192,https://coingeek.com/wp-content/uploads/2020/11/Value-DeFi-exploited-for-7.4-million.jpg,Analysis,2020-11-16T15:57:26.000Z,[],"{'_id': '5b4b5666c831fd000f6a9178', 'name': 'CoinGeek', 'url': 'https://coingeek.com', 'favicon': 'https://assets.cryptocontrol.io/favicons/5b4b5666c831fd000f6a9178.png'}",coingeek.com,$7.4 million stolen in Value DeFi exploit,https://cryptocontrol.io/r/api/article/5fb2a7cabd9bd10018eeb5bf?ref=5d2381021af7e4001116bb08,425
8,5fb2ad060c8909001790d0c3,0.11988508587451652,"[{'_id': '59cb59e81c073f09e76f614b', 'name': 'Bitcoin', 'slug': 'bitcoin', 'tradingSymbol': 'BTC'}]",TLDR Breakdown Surging demand in China for Bitcoin China Construction Bank announces purchasing of bonds using Bitcoin Tight regulation of cryptocurrencies as China rolls out hotly anticipated digital yuan Speculative foundations for a new financial system China construction bank primes Bitcoin…,74330.7708573081,https://cryptopolitanimg.s3.amazonaws.com/wp-content/uploads/2020/11/16111618/Bitcoin-Yen.jpg,Mining,2020-11-16T15:54:21.000Z,[],"{'_id': '5bda96120c38a7001984d502', 'name': 'Cryptopolitan', 'url': 'https://www.cryptopolitan.com/', 'favicon': 'https://assets.cryptocontrol.io/favicons/5bda96120c38a7001984d502.png'}",cryptopolitan.com,China Construction Bank unexpectedly primes Bitcoin for $3 Billion Bond,https://cryptocontrol.io/r/api/article/5fb2ad060c8909001790d0c3?ref=5d2381021af7e4001116bb08,388
9,5fb2aef60c8909001790e15c,0.10676586484738149,"[{'_id': '59cb59e81c073f09e76f614b', 'name': 'Bitcoin', 'slug': 'bitcoin', 'tradingSymbol': 'BTC'}, {'_id': '5e3844aa16c3760019f74f7b', 'name': 'TOP', 'slug': 'top', 'tradingSymbol': 'TOP'}]","Bitcoin (BTC) Price Prediction – November 16 The Bitcoin price has overtaken the $16,000 price tag after struggling to remain above it during the weekend. [...]
",74330.75445105004,https://insidebitcoins.com/wp-content/uploads/2020/11/BTCUSD_1D_14112020.png,Analysis,2020-11-16T15:53:10.000Z,[],"{'_id': '5ccabcb670d7470010854415', 'name': 'InsideBitcoins', 'url': 'https://insidebitcoins.com/', 'favicon': 'https://assets.cryptocontrol.io/favicons/5ccabcb670d7470010854415.png'}",insidebitcoins.com,"Bitcoin Price Prediction: BTC/USD Approaches $16,500; Could it Rise to $17,000 Level?",https://cryptocontrol.io/r/api/article/5fb2aef60c8909001790e15c?ref=5d2381021af7e4001116bb08,331
10,5fb2ab980c8909001790c75d,0.1254642218373581,"[{'_id': '59cb59e81c073f09e76f614b', 'name': 'Bitcoin', 'slug': 'bitcoin', 'tradingSymbol': 'BTC'}, {'_id': '59d21e9b83a0523906a45daf', 'name': 'Bitcoin Cash', 'slug': 'bitcoin-cash', 'tradingSymbol': 'BCH'}]",Bitcoin Cash has been split yet again as the community rejects a “coinbase tax” on miners.,74330.7659734811,https://cdn.decrypt.co/resize/1024/height/512/wp-content/uploads/2020/11/bchn-hard-fork-gID_2.jpg,General,2020-11-16T15:50:35.000Z,[],"{'_id': '5badd2e80c38a70019e35b97', 'name': 'Decrypt Media', 'url': 'https://decryptmedia.com/', 'favicon': 'https://assets.cryptocontrol.io/favicons/5badd2e80c38a70019e35b97.jpg'}",decrypt.co,Bitcoin Cash Hard Fork: Here's What Happened,https://cryptocontrol.io/r/api/article/5fb2ab980c8909001790c75d?ref=5d2381021af7e4001116bb08,673
11,5fb2aacb0c8909001790b6d3,0.11739533071234382,"[{'_id': '59cb59e81c073f09e76f614b', 'name': 'Bitcoin', 'slug': 'bitcoin', 'tradingSymbol': 'BTC'}, {'_id': '5e3844a816c3760019f74be2', 'name': 'Rally', 'slug': 'rally', 'tradingSymbol': 'RALLY'}, {'_id': '5afcc60ced3b0e000f40d55c', 'name': 'KEY', 'slug': 'key', 'tradingSymbol': 'key'}, {'_id': '5e3844aa16c3760019f74ee0', 'name': 'Digital Gold', 'slug': 'digital-gold', 'tradingSymbol': 'GOLD'}]","A senior Citibank executive has provided a bullish analysis for Bitcoin. Is the price prediction too optimistic?
",74330.74980273812,https://mk0thetokenist81xfs9.kinstacdn.com/wp-content/uploads/2020/11/Citibank-Bitcoin-Price.jpg,General,2020-11-16T15:47:40.000Z,[],"{'_id': '5bac8c510c38a70019df9d73', 'name': 'The Tokenist', 'url': 'https://thetokenist.io/', 'favicon': 'https://assets.cryptocontrol.io/favicons/5bac8c510c38a70019df9d73.png'}",tokenist.com,"Citibank Executive: Economy Could Drive Bitcoin to $318,000 by December 2021",https://cryptocontrol.io/r/api/article/5fb2aacb0c8909001790b6d3?ref=5d2381021af7e4001116bb08,744
12,5fb2aa9f0c8909001790b6c0,0.1122217632724249,"[{'_id': '5b6a328530a21d000f00ae48', 'name': 'Giant', 'slug': 'giant-coin', 'tradingSymbol': 'GIC'}, {'_id': '59cb59e81c073f09e76f614b', 'name': 'Bitcoin', 'slug': 'bitcoin', 'tradingSymbol': 'BTC'}]","Belarusbank, the largest commercial bank in Belarus has launched the country’s first legal crypto trading platform. The move is the latest crypto adoption news to come out of a country currently experiencing anti-government protests against President Alexander Lukashenko. Belarusbank Floats…",74330.73819398548,https://s32659.pcdn.co/wp-content/uploads/2020/09/BIC_btc_crowd_fund_reach_belarus_protest.jpg.optimal.jpg,Exchanges,2020-11-16T15:45:21.000Z,[],"{'_id': '5b964b640c38a70019787e71', 'name': 'BeInCrypto', 'url': 'https://beincrypto.com', 'favicon': 'https://assets.cryptocontrol.io/favicons/5b964b640c38a70019787e71.jpg'}",beincrypto.com,Belarus’ Largest Commercial Bank Launches Crypto Trading Desk,https://cryptocontrol.io/r/api/article/5fb2aa9f0c8909001790b6c0?ref=5d2381021af7e4001116bb08,424
13,5fb29c100a7bb600178d0e81,0.11823215567939548,"[{'_id': '59d21e9b83a0523906a45e64', 'name': 'Quantum', 'slug': 'quantum', 'tradingSymbol': 'qau'}, {'_id': '5e3844a916c3760019f74c8b', 'name': 'CREDIT', 'slug': 'credit', 'tradingSymbol': 'CREDIT'}, {'_id': '5afcc60ced3b0e000f40d55c', 'name': 'KEY', 'slug': 'key', 'tradingSymbol': 'key'}, {'_id': '5a7b931102ac032bc99781f1', 'name': 'DATA', 'slug': 'data', 'tradingSymbol': 'DTA'}, {'_id': '59cb59e81c073f09e76f614b', 'name': 'Bitcoin', 'slug': 'bitcoin', 'tradingSymbol': 'BTC'}]","Post Quantum is one of several finalists in a massive competition to find an encryption algorithm resistant to quantum computers.
",74330.70448215568,https://cdn.decrypt.co/resize/1024/height/512/wp-content/uploads/2020/11/shutterstock_1212718402-gID_6.jpg,General,2020-11-16T15:31:03.000Z,[],"{'_id': '5badd2e80c38a70019e35b97', 'name': 'Decrypt Media', 'url': 'https://decryptmedia.com/', 'favicon': 'https://assets.cryptocontrol.io/favicons/5badd2e80c38a70019e35b97.jpg'}",decrypt.co,Inside the Competition That Will Save Bitcoin From Quantum Computers,https://cryptocontrol.io/r/api/article/5fb29c100a7bb600178d0e81?ref=5d2381021af7e4001116bb08,1113
14,5fb2a855bd9bd10018eeb5d0,0.11570037488096648,"[{'_id': '59cb59f9b0836b0a63aebc7c', 'name': 'Ethereum', 'tradingSymbol': 'ETH', 'slug': 'ethereum'}, {'_id': '59d21e9b83a0523906a45db6', 'name': 'Ethereum Classic', 'slug': 'ethereum-classic', 'tradingSymbol': 'ETC'}, {'_id': '5cd36d8270d74700100891ad', 'name': 'NEXT', 'slug': 'next', 'tradingSymbol': 'NET'}, {'_id': '59d21e9b83a0523906a45dc5', 'name': 'EOS', 'slug': 'eos', 'tradingSymbol': 'EOS'}, {'_id': '59cb59e81c073f09e76f614b', 'name': 'Bitcoin', 'slug': 'bitcoin', 'tradingSymbol': 'BTC'}]","Ethereum was trading above $450 while Bitcoin quickly moved to $16,200, after a brief dip to $15,800. Further down the crypto-ladder, Ethereum Classic was supported by buyer interest and a strong zone of support under it as it attempted to move towards $5.2. While EOS faced an important level of…",74330.6992188934,https://engamb.sfo2.digitaloceanspaces.com/wp-content/uploads/2020/11/16131313/PA-3-featured-11-e1605512627101.jpg,Analysis,2020-11-16T15:30:04.000Z,[],"{'_id': '5b4b57d8c831fd000f6b7e16', 'name': 'AMB Crypto', 'url': 'https://ambcrypto.com/', 'favicon': 'https://assets.cryptocontrol.io/favicons/5b4b57d8c831fd000f6b7e16.png'}",eng.ambcrypto.com,"Ethereum Classic, EOS, VeChain Price Analysis: 16 November",https://cryptocontrol.io/r/api/article/5fb2a855bd9bd10018eeb5d0?ref=5d2381021af7e4001116bb08,380
15,5fb29c420a7bb600178d0e91,0.11988508587451652,"[{'_id': '59cb59e81c073f09e76f614b', 'name': 'Bitcoin', 'slug': 'bitcoin', 'tradingSymbol': 'BTC'}, {'_id': '59cb59f9b0836b0a63aebc7c', 'name': 'Ethereum', 'tradingSymbol': 'ETH', 'slug': 'ethereum'}, {'_id': '5a7b931102ac032bc99781f1', 'name': 'DATA', 'slug': 'data', 'tradingSymbol': 'DTA'}, {'_id': '5afcc60ced3b0e000f40d55c', 'name': 'KEY', 'slug': 'key', 'tradingSymbol': 'key'}, {'_id': '5b0600845d27780010d289f3', 'name': 'RED', 'slug': 'red', 'tradingSymbol': 'RED'}]","If the psychological $500 barrier is surpassed, Ethereum traders would eye a break towards the $515 and $550 resistance zones, respectively. ",74330.68562582662,https://cryptobriefing.com/wp-content/uploads/2020/10/ethereum-navigation-cover.jpg,General,2020-11-16T15:23:40.000Z,[],"{'_id': '5badd3ca0c38a70019e41912', 'name': 'Crypto Briefing', 'url': 'https://cryptobriefing.com/', 'favicon': 'https://assets.cryptocontrol.io/favicons/5badd3ca0c38a70019e41912.png'}",cryptobriefing.com,Ethereum Bulls Facing Stiff Resistance Despite ETH 2.0 Fervor,https://cryptocontrol.io/r/api/article/5fb29c420a7bb600178d0e91?ref=5d2381021af7e4001116bb08,674
16,5fb2a579bd9bd10018ee9beb,0.11310282624064044,"[{'_id': '59cb59e81c073f09e76f614b', 'name': 'Bitcoin', 'slug': 'bitcoin', 'tradingSymbol': 'BTC'}, {'_id': '5e3844a816c3760019f74b72', 'name': 'Defi', 'slug': 'defi', 'tradingSymbol': 'DEFI'}]","While a number of institutional players and hedge fund managers have turned up to Bitcoin (BTC), some personalities from the traditional investing space just continue with their Bitcoin bashing views. American stock trader Peter Schiff has once again refused to accept Bitcoin’s gaining dominance…",74330.66430652994,https://cdn.coingape.com/wp-content/uploads/2020/11/16204738/Peter-Schiff-Bitcoin-bashing.jpg,General,2020-11-16T15:18:26.000Z,[],"{'_id': '5acce099ec0af7be35c79e60', 'name': 'CoinGape', 'url': 'https://coingape.com', 'favicon': 'https://assets.cryptocontrol.io/favicons/5acce099ec0af7be35c79e60.png'}",coingape.com,Peter Schiff: Gold Will Win Once The Bitcoin (BTC) Bubble Pops,https://cryptocontrol.io/r/api/article/5fb2a579bd9bd10018ee9beb?ref=5d2381021af7e4001116bb08,552
17,5fb29e480a7bb600178d1f22,0.11397619423751587,"[{'_id': '5a8a138702ac032bc99c2c0b', 'name': 'Nano', 'slug': 'nano', 'tradingSymbol': 'NANO'}, {'_id': '59cb59e81c073f09e76f614b', 'name': 'Bitcoin', 'slug': 'bitcoin', 'tradingSymbol': 'BTC'}]","According to a press release today, Jay Clayton, the Chairman of the United States Security and Exchange Commission (SEC), will be stepping down from office in December 2020, six months before his due date.  As a longest-serving Chairman in office, Clayton enhanced the strength of the U.S. financial…",74330.6457354535,https://coinfomania.com/wp-content/uploads/Jay-Clayton-SEC.jpg,Blockchain,2020-11-16T15:11:26.000Z,[],"{'_id': '5c2cbd2223b00e001013dda7', 'name': 'CoinfoMania', 'url': 'https://coinfomania.com/', 'favicon': 'https://assets.cryptocontrol.io/favicons/5c2cbd2223b00e001013dda7.png'}",coinfomania.com,"SEC Chair Jay Clayton to Step Down in December, Bitcoiners Mull ETF Approval in 2021",https://cryptocontrol.io/r/api/article/5fb29e480a7bb600178d1f22?ref=5d2381021af7e4001116bb08,396
18,5fb2a08d0a7bb600178d3935,0.12070141693843262,"[{'_id': '59cb59e81c073f09e76f614b', 'name': 'Bitcoin', 'slug': 'bitcoin', 'tradingSymbol': 'BTC'}, {'_id': '59d21e9b83a0523906a45daf', 'name': 'Bitcoin Cash', 'slug': 'bitcoin-cash', 'tradingSymbol': 'BCH'}, {'_id': '5be61f883c4bad00168c1da8', 'name': 'DEX', 'slug': 'dex', 'tradingSymbol': 'DEX'}, {'_id': '59cb59f9b0836b0a63aebc7c', 'name': 'Ethereum', 'tradingSymbol': 'ETH', 'slug': 'ethereum'}, {'_id': '59d21e9b83a0523906a45db0', 'name': 'Litecoin', 'slug': 'litecoin', 'tradingSymbol': 'LTC'}, {'_id': '5b4be006c831fd000fc41c2d', 'name': 'Record', 'slug': 'record', 'tradingSymbol': 'rcd'}, {'_id': '5e3844aa16c3760019f74f65', 'name': 'THORChain', 'slug': 'thorchain', 'tradingSymbol': 'RUNE'}, {'_id': '59cb5a047ab17a0b2ec00edf', 'name': 'Ripple', 'tradingSymbol': 'xrp', 'slug': 'ripple'}, {'_id': '5de5a582d37160001ab4bdff', 'name': 'XRP', 'slug': 'xrp', 'tradingSymbol': 'XRP'}]","In the meantime, BTC continues to show its muscles and ends the week with the third-best closing ever
",74330.6373217873,https://en.cryptonomist.ch/wp-content/uploads/2020/11/bitcoin-cash-fork-price.jpg,General,2020-11-16T15:05:59.000Z,[],"{'_id': '5cfa747b28d54f001058f77e', 'name': 'The Cryptonomist ', 'url': 'https://cryptonomist.ch/en/', 'favicon': 'https://assets.cryptocontrol.io/favicons/5cfa747b28d54f001058f77e.png'}",en.cryptonomist.ch,Bitcoin Cash: the price remains stable after the fork,https://cryptocontrol.io/r/api/article/5fb2a08d0a7bb600178d3935?ref=5d2381021af7e4001116bb08,923
19,5fb2a244bd9bd10018ee8aee,3.1207014169384326,"[{'_id': '5b6a328530a21d000f00ae48', 'name': 'Giant', 'slug': 'giant-coin', 'tradingSymbol': 'GIC'}, {'_id': '59cb59e81c073f09e76f614b', 'name': 'Bitcoin', 'slug': 'bitcoin', 'tradingSymbol': 'BTC'}, {'_id': '59d21e9b83a0523906a45daf', 'name': 'Bitcoin Cash', 'slug': 'bitcoin-cash', 'tradingSymbol': 'BCH'}, {'_id': '59d21e9b83a0523906a45db0', 'name': 'Litecoin', 'slug': 'litecoin', 'tradingSymbol': 'LTC'}, {'_id': '5b4be006c831fd000fc41c2d', 'name': 'Record', 'slug': 'record', 'tradingSymbol': 'rcd'}]","Latest reports show that institutional crypto giant Greyscale is expected to reach $ 10 billion in cryptocurrency holdings At the time of writing, Grayscale has…
",74333.63574771323,https://ourbitcoinnews.sfo2.digitaloceanspaces.com/2020/11/04_Pile-of-crypto-coins.jpg,General,2020-11-16T15:05:25.000Z,"[{'_id': '5fb259b09ba24e001782e01e', 'title': 'Crypto Adoption Boom: Grayscale To Surpass $10 Billion In BTC, ETH, XRP And More', 'publishedAt': '2020-11-16T10:33:07.000Z', 'sourceDomain': '', 'url': 'https://cryptocontrol.io/r/api/article/5fb259b09ba24e001782e01e?ref=5d2381021af7e4001116bb08'}, {'_id': '5fb2931cae2a95001a056586', 'title': 'Grayscale on path to reach $10BN in crypto holdings', 'publishedAt': '2020-11-16T14:50:27.000Z', 'sourceDomain': 'coinjournal.net', 'url': 'https://cryptocontrol.io/r/api/article/5fb2931cae2a95001a056586?ref=5d2381021af7e4001116bb08'}]","{'_id': '5d9ec6b0d37160001a8c2a84', 'name': 'OurBitcoinNews', 'url': 'https://ourbitcoinnews.com/', 'favicon': 'https://assets.cryptocontrol.io/favicons/5d9ec6b0d37160001a8c2a84.png'}",ourbitcoinnews.com,Grayscale about to hold $ 10 billion in cryptocurrency,https://cryptocontrol.io/r/api/article/5fb2a244bd9bd10018ee8aee?ref=5d2381021af7e4001116bb08,342
20,5fb29f110a7bb600178d2873,0.11988508587451652,"[{'_id': '59cb59e81c073f09e76f614b', 'name': 'Bitcoin', 'slug': 'bitcoin', 'tradingSymbol': 'BTC'}, {'_id': '5a1aafdbda3d21115462ee14', 'name': 'Change', 'slug': 'change', 'tradingSymbol': 'CAG'}, {'_id': '5a7b931102ac032bc99781f1', 'name': 'DATA', 'slug': 'data', 'tradingSymbol': 'DTA'}, {'_id': '59d21e9b83a0523906a45dd4', 'name': 'Binance Coin', 'slug': 'binance-coin', 'tradingSymbol': 'BNB'}, {'_id': '59d21e9b83a0523906a45dc9', 'name': 'Komodo', 'slug': 'komodo', 'tradingSymbol': 'KMD'}, {'_id': '59d21e9b83a0523906a45dbc', 'name': 'Cardano', 'slug': 'cardano', 'tradingSymbol': 'ADA'}, {'_id': '59d21e9b83a0523906a45db2', 'name': 'NEM', 'slug': 'nem', 'tradingSymbol': 'XEM'}, {'_id': '59d21e9b83a0523906a45dbe', 'name': 'Tether', 'slug': 'tether', 'tradingSymbol': 'USDT'}, {'_id': '59d21e9b83a0523906a45dc5', 'name': 'EOS', 'slug': 'eos', 'tradingSymbol': 'EOS'}, {'_id': '59cb59f9b0836b0a63aebc7c', 'name': 'Ethereum', 'tradingSymbol': 'ETH', 'slug': 'ethereum'}, {'_id': '59d21e9b83a0523906a45f2b', 'name': 'Altcoin', 'slug': 'altcoin-alt', 'tradingSymbol': 'alt'}, {'_id': '5e3844aa16c3760019f74f7b', 'name': 'TOP', 'slug': 'top', 'tradingSymbol': 'TOP'}]","The combined moving 7-day average crypto market sentiment score for the top 10 coins by market capitalization remains in the neutral zone, though it has grown to 5.62 from last week’s 5.28, shows the crypto market sentiment analysis service Omenics. As bitcoin (BTC) is holding above USD 16,300, it…",74330.62243138217,https://cimg.co/w/articles/0/5fb/29445be129.jpg,Analysis,2020-11-16T15:00:55.000Z,[],"{'_id': '5c8fbb44a4410000111f614b', 'name': 'CryptoNews', 'url': 'https://cryptonews.com/', 'favicon': 'https://assets.cryptocontrol.io/favicons/5c8fbb44a4410000111f614b.png'}",cryptonews.com,"Crypto Market Sentiment Improves, Bitcoin & Ethereum In Positive Zone",https://cryptocontrol.io/r/api/article/5fb29f110a7bb600178d2873?ref=5d2381021af7e4001116bb08,629
21,5fb2993fae2a95001a05a4e0,0.11310282624064044,"[{'_id': '59cb59e81c073f09e76f614b', 'name': 'Bitcoin', 'slug': 'bitcoin', 'tradingSymbol': 'BTC'}]","An official source shows the Pakistani financial regulator is working toward regulating cryptocurrencies. Pakistan Developing Crypto Regulatory Framework According to a report by Finance Magnets, Pakistan’s financial regulator – the Securities and Exchange Commission of Pakistan (SECP) – is working…",74330.61560282625,https://btcmanager.com/wp-content/uploads/2019/04/Pakistan-Government-Introduces-Cryptocurrency-Regulations-after-FATF-Directive.jpg,Government,2020-11-16T15:00:54.000Z,[],"{'_id': '5b4b5b4cc831fd000f6dc0fc', 'name': 'BTC Manager', 'url': 'https://btcmanager.com', 'favicon': 'https://assets.cryptocontrol.io/favicons/5b4b5b4cc831fd000f6dc0fc.jpg'}",btcmanager.com,Pakistan: SECP Publishes Crypto Regulations Exploratory Report,https://cryptocontrol.io/r/api/article/5fb2993fae2a95001a05a4e0?ref=5d2381021af7e4001116bb08,380
22,5fb298a2ae2a95001a05a4cb,0.11739533071234382,"[{'_id': '59cb59f9b0836b0a63aebc7c', 'name': 'Ethereum', 'tradingSymbol': 'ETH', 'slug': 'ethereum'}, {'_id': '59cb59e81c073f09e76f614b', 'name': 'Bitcoin', 'slug': 'bitcoin', 'tradingSymbol': 'BTC'}]","Disclaimer: The findings of the following article are the sole opinion of the writer and should not be taken as investment advice The transition of Ethereum to Ethereum 2.0 is what the ecosystem is concerned about, especially since ETH did react as expected during the DeFi summer. At the time of…",74330.61846014553,https://engamb.sfo2.digitaloceanspaces.com/wp-content/uploads/2020/09/22152133/Optimized-nick-chong-0bO235Rhqec-unsplash-3.jpg,General,2020-11-16T15:00:23.000Z,[],"{'_id': '5b4b57d8c831fd000f6b7e16', 'name': 'AMB Crypto', 'url': 'https://ambcrypto.com/', 'favicon': 'https://assets.cryptocontrol.io/favicons/5b4b57d8c831fd000f6b7e16.png'}",eng.ambcrypto.com,Ethereum long-term Price Analysis: 16 November,https://cryptocontrol.io/r/api/article/5fb298a2ae2a95001a05a4cb?ref=5d2381021af7e4001116bb08,349
23,5fb2a2e2bd9bd10018ee8b06,0.11484200051182732,"[{'_id': '59cb59e81c073f09e76f614b', 'name': 'Bitcoin', 'slug': 'bitcoin', 'tradingSymbol': 'BTC'}, {'_id': '5cd36d8270d74700100891ad', 'name': 'NEXT', 'slug': 'next', 'tradingSymbol': 'NET'}, {'_id': '5b4be006c831fd000fc41c2d', 'name': 'Record', 'slug': 'record', 'tradingSymbol': 'rcd'}]","A rise in coronavirus cases, hospitalizations and deaths could dent consumer confidence and retailer revenue during the crucial holiday shopping season.
",74330.6149808894,https://static.coindesk.com/wp-content/uploads/2020/11/MOSHED-2020-11-16-8-55-32-1200x628.jpg,General,2020-11-16T15:00:03.000Z,[],"{'_id': '59ce11393a44cf289a9a71f5', 'name': 'CoinDesk', 'url': 'http://coindesk.com', 'favicon': 'https://assets.cryptocontrol.io/favicons/59ce11393a44cf289a9a71f5.png'}",coindesk.com,First Mover: Vaccine Won't Come Fast Enough to Avoid More Stimulus - CoinDesk,https://cryptocontrol.io/r/api/article/5fb2a2e2bd9bd10018ee8b06?ref=5d2381021af7e4001116bb08,929
24,5fb2a408bd9bd10018ee8deb,0.11484200051182732,"[{'_id': '59cb59e81c073f09e76f614b', 'name': 'Bitcoin', 'slug': 'bitcoin', 'tradingSymbol': 'BTC'}, {'_id': '5a7b931102ac032bc99781f1', 'name': 'DATA', 'slug': 'data', 'tradingSymbol': 'DTA'}, {'_id': '5e3844aa16c3760019f74f7b', 'name': 'TOP', 'slug': 'top', 'tradingSymbol': 'TOP'}, {'_id': '5afcc60ced3b0e000f40d55c', 'name': 'KEY', 'slug': 'key', 'tradingSymbol': 'key'}, {'_id': '5e3844a816c3760019f74be2', 'name': 'Rally', 'slug': 'rally', 'tradingSymbol': 'RALLY'}]","For all intents and purposes, Bitcoin is back in a bull market. But even bull markets don’t always simply move upward in a straight line. Along the way, the road gets rocky, and violent and volatile corrections wipe out weeks of progress made in a matter of one or two. Data shows that past bull…",74330.6149808894,https://bitcoinist.com/wp-content/uploads/2020/11/bitcoin-bull-market-correction-Depositphotos_342580008_xl-2015-1920x881.jpg,Analysis,2020-11-16T15:00:03.000Z,[],"{'_id': '59d8e471ef8bf95cc2c16858', 'name': 'Bitcoinist', 'url': 'https://bitcoinist.com', 'favicon': 'https://assets.cryptocontrol.io/favicons/59d8e471ef8bf95cc2c16858.png'}",bitcoinist.com,Bitcoin Bull Market Corrections Examined: What To Expect When Crypto Corrects,https://cryptocontrol.io/r/api/article/5fb2a408bd9bd10018ee8deb?ref=5d2381021af7e4001116bb08,624
25,5fb2a32abd9bd10018ee8b36,0.11397619423751587,"[{'_id': '5cd36d8270d74700100891ad', 'name': 'NEXT', 'slug': 'next', 'tradingSymbol': 'NET'}, {'_id': '5b7ca78b0c38a700190ebdff', 'name': 'Own', 'slug': 'own', 'tradingSymbol': 'CHX'}, {'_id': '5b0600845d27780010d289f3', 'name': 'RED', 'slug': 'red', 'tradingSymbol': 'RED'}, {'_id': '59cb59e81c073f09e76f614b', 'name': 'Bitcoin', 'slug': 'bitcoin', 'tradingSymbol': 'BTC'}]","Bitcoin price may be nearing exhaustion after recording its sixth consecutive weekly green candle.
Bitcoin price has been showing significant strength as Bitcoin ( BTC ) rallied by more than 60% in a matter of six weeks, surging from $10,000 to $16,500 and leaving many investors behind.
These…",74330.61397619423,https://images.cointelegraph.com/images/740_aHR0cHM6Ly9zMy5jb2ludGVsZWdyYXBoLmNvbS91cGxvYWRzLzIwMjAtMTEvODNkNGY4NzItMDE5NC00ZmE1LWI2MGItOWJkMDVmZGI5YzllLmpwZw==.jpg,General,2020-11-16T15:00:00.000Z,[],"{'_id': '59d70be3ef8bf95cc2aa2b4f', 'name': 'CoinTelegraph', 'url': 'https://cointelegraph.com/', 'favicon': 'https://assets.cryptocontrol.io/favicons/59d70be3ef8bf95cc2aa2b4f.png'}",cointelegraph.com,Bitcoin price must break this level to extend 6-week winning streak,https://cryptocontrol.io/r/api/article/5fb2a32abd9bd10018ee8b36?ref=5d2381021af7e4001116bb08,669
26,5fb29316ae2a95001a056584,1.6207014169384326,"[{'_id': '59cb59e81c073f09e76f614b', 'name': 'Bitcoin', 'slug': 'bitcoin', 'tradingSymbol': 'BTC'}]","The visa and passport processing firm will allow its user to pay for the…
",74332.10954400952,https://coinjournal.net/wp-content/uploads/2020/11/05_BTC-Card-machine.jpg,General,2020-11-16T14:55:59.000Z,"[{'_id': '5fb1cc841e4e3d00194a10c0', 'title': 'Travelers can now get US passports in as little as 4 weeks with Bitcoin ', 'publishedAt': '2020-11-15T23:47:32.000Z', 'sourceDomain': 'cointelegraph.com', 'url': 'https://cryptocontrol.io/r/api/article/5fb1cc841e4e3d00194a10c0?ref=5d2381021af7e4001116bb08'}]","{'_id': '59d71bc4ef8bf95cc2aaf570', 'name': 'CoinJournal', 'url': 'http://coinjournal.net', 'favicon': 'https://assets.cryptocontrol.io/favicons/59d71bc4ef8bf95cc2aaf570.png'}",coinjournal.net,Peninsula Visa now accepts Bitcoin as a payment method,https://cryptocontrol.io/r/api/article/5fb29316ae2a95001a056584?ref=5d2381021af7e4001116bb08,339
27,5fb29fe40a7bb600178d3682,1.6148420005118274,"[{'_id': '59cb59e81c073f09e76f614b', 'name': 'Bitcoin', 'slug': 'bitcoin', 'tradingSymbol': 'BTC'}]","Chinese Bitcoin miners are reportedly facing difficulties paying their electricity bills. The reason is that the government is freezing accounts associated with the cryptocurrency.
",74332.07877718568,https://cryptopotato.com/wp-content/uploads/2020/11/china_bitcoin_cover.jpg,Government,2020-11-16T14:47:01.000Z,"[{'_id': '5fb28ab57d7d9300177c2293', 'title': 'Chinese Bitcoin Miners Struggling to Keep the Lights on Amid ‘Frozen Card Tide’', 'publishedAt': '2020-11-16T13:26:59.000Z', 'sourceDomain': 'beincrypto.com', 'url': 'https://cryptocontrol.io/r/api/article/5fb28ab57d7d9300177c2293?ref=5d2381021af7e4001116bb08'}]","{'_id': '5ce406880175730010f47558', 'name': 'Crypto Potato', 'url': 'https://cryptopotato.com/', 'favicon': 'https://assets.cryptocontrol.io/favicons/5ce406880175730010f47558.png'}",cryptopotato.com,Chinese Bitcoin Miners Can’t Pay Power Companies as Government Reportedly Freezes Bank Cards,https://cryptocontrol.io/r/api/article/5fb29fe40a7bb600178d3682?ref=5d2381021af7e4001116bb08,416
28,5fb29605ae2a95001a057f89,0.1122217632724249,"[{'_id': '59cb59e81c073f09e76f614b', 'name': 'Bitcoin', 'slug': 'bitcoin', 'tradingSymbol': 'BTC'}, {'_id': '5b7ca78b0c38a700190ebdff', 'name': 'Own', 'slug': 'own', 'tradingSymbol': 'CHX'}, {'_id': '5a7b931302ac032bc997820d', 'name': 'Show', 'slug': 'show', 'tradingSymbol': 'SHOW'}, {'_id': '59d8e9a749f28d5610567499', 'name': 'President Trump', 'slug': 'president-trump', 'tradingSymbol': 'pres'}, {'_id': '59d8e9a849f28d56105674fd', 'name': 'First Bitcoin', 'slug': 'first-bitcoin', 'tradingSymbol': 'BIT'}]","In an interview with Good Morning America TV show on November 13, U.S Senator Cynthia Lummis has once again publicly shown her support for Bitcoin,...
",74330.55944398549,https://cryptodailycdn.ams3.cdn.digitaloceanspaces.com/finance-currency.jpg,General,2020-11-16T14:41:00.000Z,[],"{'_id': '5b04f195311c75000f476271', 'name': 'Crypto Daily', 'url': 'https://cryptodaily.co.uk', 'favicon': 'https://assets.cryptocontrol.io/favicons/5b04f195311c75000f476271.jpg'}",cryptodaily.co.uk,DragonEx exchange brings in new withdrawal method following Octobers issues,https://cryptocontrol.io/r/api/article/5fb29605ae2a95001a057f89?ref=5d2381021af7e4001116bb08,446
29,5fb28f2fae2a95001a053d89,0.11397619423751587,"[{'_id': '59cb59f9b0836b0a63aebc7c', 'name': 'Ethereum', 'tradingSymbol': 'ETH', 'slug': 'ethereum'}, {'_id': '5afcc60ced3b0e000f40d55c', 'name': 'KEY', 'slug': 'key', 'tradingSymbol': 'key'}, {'_id': '5b7ca78b0c38a700190ebdff', 'name': 'Own', 'slug': 'own', 'tradingSymbol': 'CHX'}, {'_id': '59cb59e81c073f09e76f614b', 'name': 'Bitcoin', 'slug': 'bitcoin', 'tradingSymbol': 'BTC'}]","Ethereum dropped by a total of 8% over the weekend as it crashed into the August 2018 Highs at around $439. The coin has since rebounded slightly to trade at $456. Against Bitcoin, Ethereum fell from 0.0293 BTC on Saturday to reach as low as 0.0278 BTC today.
",74330.5455965646,https://cryptopotato.com/wp-content/uploads/2020/11/ethusd-nov16.png,Analysis,2020-11-16T14:35:23.000Z,[],"{'_id': '5ce406880175730010f47558', 'name': 'Crypto Potato', 'url': 'https://cryptopotato.com/', 'favicon': 'https://assets.cryptocontrol.io/favicons/5ce406880175730010f47558.png'}",cryptopotato.com,Ethereum Price Analysis: ETH Facing Huge Resistance On Its Way To $500,https://cryptocontrol.io/r/api/article/5fb28f2fae2a95001a053d89?ref=5d2381021af7e4001116bb08,534
30,5fb29b220a7bb600178d0e6c,0.11133286853070033,"[{'_id': '59d21e9b83a0523906a45dbe', 'name': 'Tether', 'slug': 'tether', 'tradingSymbol': 'USDT'}, {'_id': '5afcc60ced3b0e000f40d55c', 'name': 'KEY', 'slug': 'key', 'tradingSymbol': 'key'}, {'_id': '5a7b931102ac032bc99781f1', 'name': 'DATA', 'slug': 'data', 'tradingSymbol': 'DTA'}, {'_id': '5e3844a816c3760019f74b72', 'name': 'Defi', 'slug': 'defi', 'tradingSymbol': 'DEFI'}, {'_id': '59cb59e81c073f09e76f614b', 'name': 'Bitcoin', 'slug': 'bitcoin', 'tradingSymbol': 'BTC'}]","According to Tether’s official transparency page, its dollar-backed stablecoin has crossed the $18 billion market capitalization mark for the first time. A key source of liquidity for exchanges and crypto traders worldwide, Tether is the largest stablecoin in the market. USDT’s market cap has been…",74330.53633286853,https://s32659.pcdn.co/wp-content/uploads/2019/09/bic_tether_usdt_market_cap.jpg.optimal.jpg,Analysis,2020-11-16T14:33:00.000Z,[],"{'_id': '5b964b640c38a70019787e71', 'name': 'BeInCrypto', 'url': 'https://beincrypto.com', 'favicon': 'https://assets.cryptocontrol.io/favicons/5b964b640c38a70019787e71.jpg'}",beincrypto.com,Tether Market Cap Surpasses $18 Billion,https://cryptocontrol.io/r/api/article/5fb29b220a7bb600178d0e6c?ref=5d2381021af7e4001116bb08,415
31,5fb29272ae2a95001a056550,0.12070141693843262,"[{'_id': '59cb59e81c073f09e76f614b', 'name': 'Bitcoin', 'slug': 'bitcoin', 'tradingSymbol': 'BTC'}]","Miners in China have reportedly been struggling to pay for electricity after authorities started cracking down on OTC brokers in the country.
",74330.54537734286,https://static.coindesk.com/wp-content/uploads/2019/03/mining-farm-1-1000x628.jpg,Mining,2020-11-16T14:32:53.000Z,[],"{'_id': '59ce11393a44cf289a9a71f5', 'name': 'CoinDesk', 'url': 'http://coindesk.com', 'favicon': 'https://assets.cryptocontrol.io/favicons/59ce11393a44cf289a9a71f5.png'}",coindesk.com,China's Crypto Miners Struggle to Pay Power Bills as Regulators Clamp Down on OTC Desks - CoinDesk,https://cryptocontrol.io/r/api/article/5fb29272ae2a95001a056550?ref=5d2381021af7e4001116bb08,479
32,5fb29587ae2a95001a057ce4,4.628517894223366,"[{'_id': '59cb59e81c073f09e76f614b', 'name': 'Bitcoin', 'slug': 'bitcoin', 'tradingSymbol': 'BTC'}, {'_id': '5e3844a816c3760019f74be2', 'name': 'Rally', 'slug': 'rally', 'tradingSymbol': 'RALLY'}, {'_id': '5b7ca78b0c38a700190ebdff', 'name': 'Own', 'slug': 'own', 'tradingSymbol': 'CHX'}]","Eoghan McCabe, the co-founder and chairman of United States-based software company Intercom has revealed in a tweet today that he has fully embraced bitcoin after “years of dabbling”. McCabe then urged others to follow his lead. However, the executive is not convinced that bitcoin is a good fit for…",74335.04226789423,https://zycrypto.com/wp-content/uploads/2020/11/Intercom-Co-founder-Says-Hes-Jumped-On-Bitcoin-Bandwagon-After-Years-Of-Staying-On-The-Sidelines.jpg,General,2020-11-16T14:28:57.000Z,"[{'_id': '5fb288827d7d9300177c0b5b', 'title': 'Intercom co-founder jumps onto the “Bitcoin wagon,” encourages others', 'publishedAt': '2020-11-16T14:00:42.000Z', 'sourceDomain': 'cryptoslate.com', 'url': 'https://cryptocontrol.io/r/api/article/5fb288827d7d9300177c0b5b?ref=5d2381021af7e4001116bb08'}, {'_id': '5fb252399ba24e001782906e', 'title': 'Stocks boom, dollar gloom: 5 Things to watch in Bitcoin this week', 'publishedAt': '2020-11-16T09:00:10.000Z', 'sourceDomain': 'cointelegraph.com', 'url': 'https://cryptocontrol.io/r/api/article/5fb252399ba24e001782906e?ref=5d2381021af7e4001116bb08'}, {'_id': '5fb11c34973304001988e80b', 'title': 'Crypto in 2021: Institutions Prefer Bitcoin, Retail Open to Altcoins', 'publishedAt': '2020-11-15T12:00:00.000Z', 'sourceDomain': 'cryptonews.com', 'url': 'https://cryptocontrol.io/r/api/article/5fb11c34973304001988e80b?ref=5d2381021af7e4001116bb08'}, {'_id': '5faf568fefe062001bd6f1aa', 'title': 'Hedge Fund Manager Brian Kelly Says Increasing Institutional Interest in Bitcoin Down to its Fixed Supply', 'publishedAt': '2020-11-14T04:00:00.000Z', 'sourceDomain': 'news.bitcoin.com', 'url': 'https://cryptocontrol.io/r/api/article/5faf568fefe062001bd6f1aa?ref=5d2381021af7e4001116bb08'}, {'_id': '5fad9a1adf1f290018b51f28', 'title': 'Bitcoin price surge to $16.2K accompanied by record volume', 'publishedAt': '2020-11-12T19:33:37.000Z', 'sourceDomain': 'cointelegraph.com', 'url': 'https://cryptocontrol.io/r/api/article/5fad9a1adf1f290018b51f28?ref=5d2381021af7e4001116bb08'}, {'_id': '5fab6cda6c45d900170606be', 'title': '3 reasons Bitcoin spot volume reaching new yearly peak is highly optimistic', 'publishedAt': '2020-11-11T04:00:59.000Z', 'sourceDomain': 'cryptoslate.com', 'url': 'https://cryptocontrol.io/r/api/article/5fab6cda6c45d900170606be?ref=5d2381021af7e4001116bb08'}]","{'_id': '5adc20e7ec0af7be3539d369', 'name': 'ZyCrypto', 'url': 'https://zycrypto.com', 'favicon': 'https://assets.cryptocontrol.io/favicons/5adc20e7ec0af7be3539d369.png'}",zycrypto.com,Intercom Co-founder Says He’s Jumped On Bitcoin Bandwagon After Years Of Staying On The Sidelines,https://cryptocontrol.io/r/api/article/5fb29587ae2a95001a057ce4?ref=5d2381021af7e4001116bb08,422
33,5fb2994fae2a95001a05a4f1,0.11310282624064044,"[{'_id': '5e3844a916c3760019f74ca3', 'name': 'HEX', 'slug': 'hex', 'tradingSymbol': 'HEX'}, {'_id': '59cb59e81c073f09e76f614b', 'name': 'Bitcoin', 'slug': 'bitcoin', 'tradingSymbol': 'BTC'}, {'_id': '5a7b931102ac032bc99781f1', 'name': 'DATA', 'slug': 'data', 'tradingSymbol': 'DTA'}, {'_id': '5afcc60ced3b0e000f40d55c', 'name': 'KEY', 'slug': 'key', 'tradingSymbol': 'key'}, {'_id': '5e3844aa16c3760019f74f7b', 'name': 'TOP', 'slug': 'top', 'tradingSymbol': 'TOP'}, {'_id': '5b7ca78b0c38a700190ebdff', 'name': 'Own', 'slug': 'own', 'tradingSymbol': 'CHX'}, {'_id': '5b8885090c38a70019f77802', 'name': 'Staker', 'slug': 'staker', 'tradingSymbol': 'STR'}, {'_id': '5e3844aa16c3760019f74ff3', 'name': 'Honest', 'slug': 'honest', 'tradingSymbol': 'HNST'}, {'_id': '5e3844a816c3760019f74b72', 'name': 'Defi', 'slug': 'defi', 'tradingSymbol': 'DEFI'}, {'_id': '59cb59f9b0836b0a63aebc7c', 'name': 'Ethereum', 'tradingSymbol': 'ETH', 'slug': 'ethereum'}]","HEX.COM — The First High Interest Blockchain Certificate of Deposit — is outperforming every asset in 2020. HEX is designed to surpass Ethereum which delivered 10,000x price in 2.5 years. The price of HEX has already gone up 263x in 301 days; comparatively, 29 times greater than Bitcoin’s returns…",74330.51629727069,https://btcmanager.com/wp-content/uploads/2020/11/Outperforming-Every-Asset-in-2020-HEX-Announces-1.5-Billion-Big-Pay-Day-Event.jpg,General,2020-11-16T14:25:09.000Z,[],"{'_id': '5b4b5b4cc831fd000f6dc0fc', 'name': 'BTC Manager', 'url': 'https://btcmanager.com', 'favicon': 'https://assets.cryptocontrol.io/favicons/5b4b5b4cc831fd000f6dc0fc.jpg'}",btcmanager.com,"Outperforming Every Asset in 2020, HEX Announces $1.5 Billion Big Pay Day Event",https://cryptocontrol.io/r/api/article/5fb2994fae2a95001a05a4f1?ref=5d2381021af7e4001116bb08,1230
34,5fb29a05ae2a95001a05a7a6,4.64946962418361,"[{'_id': '59cb59e81c073f09e76f614b', 'name': 'Bitcoin', 'slug': 'bitcoin', 'tradingSymbol': 'BTC'}, {'_id': '5e3844aa16c3760019f74ee0', 'name': 'Digital Gold', 'slug': 'digital-gold', 'tradingSymbol': 'GOLD'}, {'_id': '5a1aafdbda3d21115462ee14', 'name': 'Change', 'slug': 'change', 'tradingSymbol': 'CAG'}]",The crypto was the response to the global economic crisis of 2008.,74335.04275666122,https://ihodl.com/media/articles/d/f0/e19475f0d__600x315__q85_0841200714.png,General,2020-11-16T14:21:35.000Z,"[{'_id': '5fb285967d7d9300177be37f', 'title': 'Citibank Managing Director Sees Bitcoin Price At $318,000 By December 2021', 'publishedAt': '2020-11-16T13:03:43.000Z', 'sourceDomain': 'zycrypto.com', 'url': 'https://cryptocontrol.io/r/api/article/5fb285967d7d9300177be37f?ref=5d2381021af7e4001116bb08'}, {'_id': '5fb27b228318e10017f49502', 'title': ""Citibank Analyst Puts Bitcoin Price Prediction: 'As High as $318,000'"", 'publishedAt': '2020-11-16T12:52:34.000Z', 'sourceDomain': 'decrypt.co', 'url': 'https://cryptocontrol.io/r/api/article/5fb27b228318e10017f49502?ref=5d2381021af7e4001116bb08'}, {'_id': '5fb277de8318e10017f4845f', 'title': 'Why a Citibank analyst is calling a $318k target for Bitcoin', 'publishedAt': '2020-11-16T11:53:35.000Z', 'sourceDomain': 'cryptoslate.com', 'url': 'https://cryptocontrol.io/r/api/article/5fb277de8318e10017f4845f?ref=5d2381021af7e4001116bb08'}, {'_id': '5fb26999fc6be90017459043', 'title': 'Citibank $318K Bitcoin Prediction Reminiscent of Previous Moon Target Blunders', 'publishedAt': '2020-11-16T11:52:50.000Z', 'sourceDomain': 'beincrypto.com', 'url': 'https://cryptocontrol.io/r/api/article/5fb26999fc6be90017459043?ref=5d2381021af7e4001116bb08'}, {'_id': '5fb00f4427aff000192590d4', 'title': 'Bitcoin’s Price Action Rhymes With 1970 Gold Markets, Says CitiBank', 'publishedAt': '2020-11-14T15:16:17.000Z', 'sourceDomain': 'cryptobriefing.com', 'url': 'https://cryptocontrol.io/r/api/article/5fb00f4427aff000192590d4?ref=5d2381021af7e4001116bb08'}, {'_id': '5fb24f499ba24e0017827698', 'title': 'Bitcoin: predictions of analysts as high as $318,000', 'publishedAt': '2020-11-16T09:13:15.000Z', 'sourceDomain': 'en.cryptonomist.ch', 'url': 'https://cryptocontrol.io/r/api/article/5fb24f499ba24e0017827698?ref=5d2381021af7e4001116bb08'}]","{'_id': '5b6b761b3bda0e0010d82323', 'name': 'Insider.pro EN', 'url': 'https://en.insider.pro', 'favicon': 'https://assets.cryptocontrol.io/favicons/5b6b761b3bda0e0010d82323.png'}",ihodl.com,Citibank: Bitcoin is the Digital Gold of the 21st Century,https://cryptocontrol.io/r/api/article/5fb29a05ae2a95001a05a7a6?ref=5d2381021af7e4001116bb08,255
35,5fb2995fae2a95001a05a505,0.11310282624064044,"[{'_id': '5ac2c404a8134644d0cc0a32', 'name': 'Consensus', 'slug': 'consensus', 'tradingSymbol': 'SEN'}, {'_id': '5e3844a916c3760019f74ca3', 'name': 'HEX', 'slug': 'hex', 'tradingSymbol': 'HEX'}, {'_id': '5e3844a916c3760019f74c8b', 'name': 'CREDIT', 'slug': 'credit', 'tradingSymbol': 'CREDIT'}, {'_id': '59cb59e81c073f09e76f614b', 'name': 'Bitcoin', 'slug': 'bitcoin', 'tradingSymbol': 'BTC'}, {'_id': '59d21e9b83a0523906a45e2b', 'name': 'Counterparty', 'slug': 'counterparty', 'tradingSymbol': 'XCP'}, {'_id': '5e3844aa16c3760019f74ff3', 'name': 'Honest', 'slug': 'honest', 'tradingSymbol': 'HNST'}, {'_id': '5b7ca78b0c38a700190ebdff', 'name': 'Own', 'slug': 'own', 'tradingSymbol': 'CHX'}]","In an exclusive interview, BTCManager sat down with Mr. Richard Heart, the founder of HEX.com — the world’s first high interest blockchain certificate of Deposit. Today, HEX.com is one of the most exciting projects in the already innovating cryptocurrency and blockchain industry. In just 301 days,…",74330.49703801142,https://btcmanager.com/wp-content/uploads/2020/11/Exclusive-Interview-Richart-Heart-HEX-1.jpg,General,2020-11-16T14:18:13.000Z,[],"{'_id': '5b4b5b4cc831fd000f6dc0fc', 'name': 'BTC Manager', 'url': 'https://btcmanager.com', 'favicon': 'https://assets.cryptocontrol.io/favicons/5b4b5b4cc831fd000f6dc0fc.jpg'}",btcmanager.com,"Exclusive: Interview with HEX (HEX) Founder, Richard Heart",https://cryptocontrol.io/r/api/article/5fb2995fae2a95001a05a505?ref=5d2381021af7e4001116bb08,955
36,5fb293dbae2a95001a0565b1,0.11310282624064044,"[{'_id': '59cb59e81c073f09e76f614b', 'name': 'Bitcoin', 'slug': 'bitcoin', 'tradingSymbol': 'BTC'}]","Bitcoin has just about touched $16,400 with the crypto seemingly testing again whether it can reach that $17,000. That’s while stocks are up, Footsie gaining 2% with Dow futures suggesting...
",74330.48426023366,https://www.trustnodes.com/wp-content/uploads/2020/11/bitcoin-art-nov-16-2020.jpg,General,2020-11-16T14:13:37.000Z,[],"{'_id': '59d8c55cef8bf95cc2bfcb48', 'name': 'Trust Nodes', 'url': 'http://www.trustnodes.com', 'favicon': 'https://assets.cryptocontrol.io/favicons/59d8c55cef8bf95cc2bfcb48.jpg'}",trustnodes.com,"Bitcoin Eyes $17,000 as Stocks Go Green on Bidenism",https://cryptocontrol.io/r/api/article/5fb293dbae2a95001a0565b1?ref=5d2381021af7e4001116bb08,362
37,5fb2883c7d7d9300177c0b38,0.10769610411361284,"[{'_id': '59cb59e81c073f09e76f614b', 'name': 'Bitcoin', 'slug': 'bitcoin', 'tradingSymbol': 'BTC'}]","In a bull market, everything is good. With Bitcoin climbing to new highs every month, no matter which indicator, analysis, data-point you look at, everything will tell you to buy or hold. But, what if the markets weren’t so bullish? At the time of writing, Bitcoin was trading at a level a little…",74330.44223314115,https://engamb.sfo2.digitaloceanspaces.com/wp-content/uploads/2020/11/15131546/senny-rapoport-ZVRsjLnAFjc-unsplash-scaled-e1605426381600.jpg,General,2020-11-16T14:00:26.000Z,[],"{'_id': '5b4b57d8c831fd000f6b7e16', 'name': 'AMB Crypto', 'url': 'https://ambcrypto.com/', 'favicon': 'https://assets.cryptocontrol.io/favicons/5b4b57d8c831fd000f6b7e16.png'}",eng.ambcrypto.com,Bitcoin: Will 2020’s investment strategies work in a bear market?,https://cryptocontrol.io/r/api/article/5fb2883c7d7d9300177c0b38?ref=5d2381021af7e4001116bb08,288
38,5fb297c5ae2a95001a0596ca,0.10676586484738149,"[{'_id': '59cb59e81c073f09e76f614b', 'name': 'Bitcoin', 'slug': 'bitcoin', 'tradingSymbol': 'BTC'}, {'_id': '5bfc89093c4bad0016670af9', 'name': 'Bitcoin SV', 'slug': 'bitcoin-sv', 'tradingSymbol': 'BSV'}, {'_id': '5b7ca78b0c38a700190ebdff', 'name': 'Own', 'slug': 'own', 'tradingSymbol': 'CHX'}, {'_id': '5e3844aa16c3760019f74ff3', 'name': 'Honest', 'slug': 'honest', 'tradingSymbol': 'HNST'}]","The Bitcoin SV network has already put in place safeguards to its protocols, which in all practical terms, makes attacks on the system illogical. [...]
",74330.44107142041,https://coingeek.com/wp-content/uploads/2020/11/how-bsv-protocol-revolutionizes-blockchain-security-using-pow.jpg,Blockchain,2020-11-16T14:00:21.000Z,[],"{'_id': '5b4b5666c831fd000f6a9178', 'name': 'CoinGeek', 'url': 'https://coingeek.com', 'favicon': 'https://assets.cryptocontrol.io/favicons/5b4b5666c831fd000f6a9178.png'}",coingeek.com,How BSV protocol revolutionizes blockchain security using POW,https://cryptocontrol.io/r/api/article/5fb297c5ae2a95001a0596ca?ref=5d2381021af7e4001116bb08,720
39,5fb292acae2a95001a056562,0.10392207131532814,"[{'_id': '59cb59e81c073f09e76f614b', 'name': 'Bitcoin', 'slug': 'bitcoin', 'tradingSymbol': 'BTC'}, {'_id': '5cd36d8270d74700100891ad', 'name': 'NEXT', 'slug': 'next', 'tradingSymbol': 'NET'}]","Bitcoin price has a clear run to an order of magnitude in gains, Mike McGlone argues as $16,000 is quickly reclaimed.
Bitcoin ( BTC ) hitting its all-time highs of $20,000 again is not the end, but the start of its explosion to a $1 trillion asset, a senior Bloomberg analyst says.
In a tweet on Nov.…",74330.43725540464,https://images.cointelegraph.com/images/740_aHR0cHM6Ly9zMy5jb2ludGVsZWdyYXBoLmNvbS91cGxvYWRzLzIwMjAtMTEvNmJhYmRiZmEtNWU5Yy00ZTVmLWI2MGItN2Q5MjBmYTU5ZDUyLmpwZw==.jpg,Analysis,2020-11-16T14:00:00.000Z,[],"{'_id': '59d70be3ef8bf95cc2aa2b4f', 'name': 'CoinTelegraph', 'url': 'https://cointelegraph.com/', 'favicon': 'https://assets.cryptocontrol.io/favicons/59d70be3ef8bf95cc2aa2b4f.png'}",cointelegraph.com,$1T market cap is ‘next big resistance’ for Bitcoin — Bloomberg analyst,https://cryptocontrol.io/r/api/article/5fb292acae2a95001a056562?ref=5d2381021af7e4001116bb08,387
40,5fb292bfae2a95001a056574,0.10769610411361284,"[{'_id': '59d21e9b83a0523906a45db1', 'name': 'Dash', 'slug': 'dash', 'tradingSymbol': 'DASH'}, {'_id': '59cb59e81c073f09e76f614b', 'name': 'Bitcoin', 'slug': 'bitcoin', 'tradingSymbol': 'BTC'}, {'_id': '59d21e9b83a0523906a45db5', 'name': 'Monero', 'slug': 'monero', 'tradingSymbol': 'XMR'}, {'_id': '59d21e9b83a0523906a45dbb', 'name': 'Zcash', 'slug': 'zcash', 'tradingSymbol': 'ZEC'}, {'_id': '5e3844a816c3760019f74bf2', 'name': 'Spectrum', 'slug': 'spectrum', 'tradingSymbol': 'SPT'}]","The delisting of Dash and Zcash has some wondering about the future of privacy coins on major exchanges.
It shouldn’t come as a surprise that regulators are starting to pay close attention to cryptocurrencies this year. For instance, as the price of Bitcoin ( BTC ) continues to soar, it’s predicted…",74330.44102943744,https://images.cointelegraph.com/images/740_aHR0cHM6Ly9zMy5jb2ludGVsZWdyYXBoLmNvbS91cGxvYWRzLzIwMjAtMTEvMzdjZTY0YWMtNGExYy00NjMyLTg5MGQtMjA1NzJkMjUzYmI3LmpwZw==.jpg,General,2020-11-16T14:00:00.000Z,[],"{'_id': '59d70be3ef8bf95cc2aa2b4f', 'name': 'CoinTelegraph', 'url': 'https://cointelegraph.com/', 'favicon': 'https://assets.cryptocontrol.io/favicons/59d70be3ef8bf95cc2aa2b4f.png'}",cointelegraph.com,Dash claims ‘inaccurate categorization’ as ShapeShift delists privacy coins,https://cryptocontrol.io/r/api/article/5fb292bfae2a95001a056574?ref=5d2381021af7e4001116bb08,1092
41,5fb2ac550c8909001790c777,0.1,"[{'_id': '59cb59e81c073f09e76f614b', 'name': 'Bitcoin', 'slug': 'bitcoin', 'tradingSymbol': 'BTC'}, {'_id': '5c05c3873c4bad0016c2504d', 'name': 'Online', 'slug': 'online', 'tradingSymbol': 'oio'}, {'_id': '59d8e9a749f28d561056731d', 'name': 'Casino', 'slug': 'casino', 'tradingSymbol': 'casino'}]",Cryptocurrencies are being embraced as payment methods throughout the world faster than you can imagine. Bitcoin is especially very popular among players as it is the preferred currency for gaming on crypto-friendly casinos.  So how do you get started at a crypto casino? How do you make deposits…,74330.38680555556,https://www.thecryptoupdates.com/wp-content/uploads/2020/11/Bitcoin-Deposits-Withdrawals-Are-Basically-Free-.jpg,General,2020-11-16T13:43:15.000Z,[],"{'_id': '5bb4c7e40c38a700196c477c', 'name': 'CryptoUpdates', 'url': 'https://www.thecryptoupdates.com', 'favicon': 'https://assets.cryptocontrol.io/favicons/5bb4c7e40c38a700196c477c.png'}",thecryptoupdates.com,New to Crypto Gaming? Here’s How To Get Started,https://cryptocontrol.io/r/api/article/5fb2ac550c8909001790c777?ref=5d2381021af7e4001116bb08,555
42,5fb28e5c7d7d9300177c3c6d,0.11906203596086498,"[{'_id': '59d21e9b83a0523906a45db1', 'name': 'Dash', 'slug': 'dash', 'tradingSymbol': 'DASH'}, {'_id': '59cb59f9b0836b0a63aebc7c', 'name': 'Ethereum', 'tradingSymbol': 'ETH', 'slug': 'ethereum'}, {'_id': '59d21e9b83a0523906a45db0', 'name': 'Litecoin', 'slug': 'litecoin', 'tradingSymbol': 'LTC'}, {'_id': '59d21e9b83a0523906a45dc5', 'name': 'EOS', 'slug': 'eos', 'tradingSymbol': 'EOS'}, {'_id': '5de5a582d37160001ab4bdff', 'name': 'XRP', 'slug': 'xrp', 'tradingSymbol': 'XRP'}, {'_id': '59d21e9b83a0523906a45e20', 'name': 'DECENT', 'slug': 'decent', 'tradingSymbol': 'DCT'}, {'_id': '59cb59e81c073f09e76f614b', 'name': 'Bitcoin', 'slug': 'bitcoin', 'tradingSymbol': 'BTC'}, {'_id': '59d21e9b83a0523906a45daf', 'name': 'Bitcoin Cash', 'slug': 'bitcoin-cash', 'tradingSymbol': 'BCH'}, {'_id': '59d21e9b83a0523906a45dda', 'name': 'ChainLink', 'slug': 'chainlink', 'tradingSymbol': 'LINK'}, {'_id': '5cd36d8270d74700100891ad', 'name': 'NEXT', 'slug': 'next', 'tradingSymbol': 'NET'}, {'_id': '5afcc60ced3b0e000f40d55c', 'name': 'KEY', 'slug': 'key', 'tradingSymbol': 'key'}, {'_id': '59d21e9b83a0523906a45dbd', 'name': 'Waves', 'slug': 'waves', 'tradingSymbol': 'WAVES'}, {'_id': '5e3844aa16c3760019f74f7b', 'name': 'TOP', 'slug': 'top', 'tradingSymbol': 'TOP'}, {'_id': '5e3844a816c3760019f74be2', 'name': 'Rally', 'slug': 'rally', 'tradingSymbol': 'RALLY'}]","Bitcoin price remained well bid near the USD 15,800 level and recently recovered above USD 16,000. BTC even climbed above USD 16,200, but it is currently (13:00 UTC) struggling to clear the USD 16,350 resistance level. The main hurdle for a larger rally is now near the USD 16,500 level. Besides,…",74330.3972101841,https://cimg.co/w/articles/0/5fb/281568a472.jpg,General,2020-11-16T13:40:08.000Z,[],"{'_id': '5c8fbb44a4410000111f614b', 'name': 'CryptoNews', 'url': 'https://cryptonews.com/', 'favicon': 'https://assets.cryptocontrol.io/favicons/5c8fbb44a4410000111f614b.png'}",cryptonews.com,"Bitcoin and Altcoins Show Positive Signs, Litecoin Shines",https://cryptocontrol.io/r/api/article/5fb28e5c7d7d9300177c3c6d?ref=5d2381021af7e4001116bb08,550
43,5fb285877d7d9300177be36b,0.11310282624064044,"[{'_id': '59cb59e81c073f09e76f614b', 'name': 'Bitcoin', 'slug': 'bitcoin', 'tradingSymbol': 'BTC'}, {'_id': '59d21e9b83a0523906a45dda', 'name': 'ChainLink', 'slug': 'chainlink', 'tradingSymbol': 'LINK'}, {'_id': '5a7b931102ac032bc99781f1', 'name': 'DATA', 'slug': 'data', 'tradingSymbol': 'DTA'}, {'_id': '59cb59f9b0836b0a63aebc7c', 'name': 'Ethereum', 'tradingSymbol': 'ETH', 'slug': 'ethereum'}, {'_id': '5e3844a816c3760019f74b72', 'name': 'Defi', 'slug': 'defi', 'tradingSymbol': 'DEFI'}, {'_id': '59d21e9b83a0523906a45f2b', 'name': 'Altcoin', 'slug': 'altcoin-alt', 'tradingSymbol': 'alt'}, {'_id': '5b7ca78b0c38a700190ebdff', 'name': 'Own', 'slug': 'own', 'tradingSymbol': 'CHX'}, {'_id': '59d21e9b83a0523906a45e98', 'name': 'Sphere', 'slug': 'sphere', 'tradingSymbol': 'SPHR'}]","Chainlink is arguably one of the best performing DeFi coins of this year. And as the year comes to a close, the market’s general sentiment is that Chainlink is poised to take on 2021 with the same fiery momentum as it did this year. In a Twitter poll recently carried out by Author Timothy Peterson,…",74330.37222319661,https://zycrypto.com/wp-content/uploads/2020/11/Why-Chainlink-is-Being-Predicted-to-Outperform-Bitcoin-Ethereum-and-XRP-in-2021.jpg,General,2020-11-16T13:33:17.000Z,[],"{'_id': '5adc20e7ec0af7be3539d369', 'name': 'ZyCrypto', 'url': 'https://zycrypto.com', 'favicon': 'https://assets.cryptocontrol.io/favicons/5adc20e7ec0af7be3539d369.png'}",zycrypto.com,"Why Chainlink is Being Predicted to Outperform Bitcoin, Ethereum, and XRP in 2021",https://cryptocontrol.io/r/api/article/5fb285877d7d9300177be36b?ref=5d2381021af7e4001116bb08,601
44,5fb283de7d7d9300177be0c4,0.11133286853070033,"[{'_id': '59cb59e81c073f09e76f614b', 'name': 'Bitcoin', 'slug': 'bitcoin', 'tradingSymbol': 'BTC'}, {'_id': '59cb59f9b0836b0a63aebc7c', 'name': 'Ethereum', 'tradingSymbol': 'ETH', 'slug': 'ethereum'}, {'_id': '5e3844a816c3760019f74bbc', 'name': 'Medium', 'slug': 'medium', 'tradingSymbol': 'MDM'}, {'_id': '5e3844aa16c3760019f74ff3', 'name': 'Honest', 'slug': 'honest', 'tradingSymbol': 'HNST'}, {'_id': '59d8e9a749f28d5610567499', 'name': 'President Trump', 'slug': 'president-trump', 'tradingSymbol': 'pres'}, {'_id': '5b6a328530a21d000f00ae48', 'name': 'Giant', 'slug': 'giant-coin', 'tradingSymbol': 'GIC'}]","The chairman of the Securities and Exchanges Commission (SEC), Jay Clayton, is finally to leave his position by year end according to a statement by the SEC. Sworn in on...
",74330.37017546112,https://www.trustnodes.com/wp-content/uploads/2020/11/jay-clayton.jpg,Blockchain,2020-11-16T13:33:11.000Z,[],"{'_id': '59d8c55cef8bf95cc2bfcb48', 'name': 'Trust Nodes', 'url': 'http://www.trustnodes.com', 'favicon': 'https://assets.cryptocontrol.io/favicons/59d8c55cef8bf95cc2bfcb48.jpg'}",trustnodes.com,Crypto Bully Jay Clayton to Leave SEC by Year End,https://cryptocontrol.io/r/api/article/5fb283de7d7d9300177be0c4?ref=5d2381021af7e4001116bb08,532
45,5fb27b658318e10017f49e4a,0.11906203596086498,"[{'_id': '59cb59e81c073f09e76f614b', 'name': 'Bitcoin', 'slug': 'bitcoin', 'tradingSymbol': 'BTC'}, {'_id': '5e3844a816c3760019f74b72', 'name': 'Defi', 'slug': 'defi', 'tradingSymbol': 'DEFI'}, {'_id': '5b7ca78b0c38a700190ebdff', 'name': 'Own', 'slug': 'own', 'tradingSymbol': 'CHX'}]",UK-based decentralized Bitcoin exchange Hodl Hodl said that it is opening its lending service Lend to U.S. customers. ,74330.32119166559,https://cryptobriefing.com/wp-content/uploads/2020/11/Hodl-BItcoin-US-Lending-cover-1024x538.jpg,Exchanges,2020-11-16T13:12:46.000Z,[],"{'_id': '5badd3ca0c38a70019e41912', 'name': 'Crypto Briefing', 'url': 'https://cryptobriefing.com/', 'favicon': 'https://assets.cryptocontrol.io/favicons/5badd3ca0c38a70019e41912.png'}",cryptobriefing.com,Hodl Hodl Opens Decentralized Bitcoin Lending to US Users,https://cryptocontrol.io/r/api/article/5fb27b658318e10017f49e4a?ref=5d2381021af7e4001116bb08,451
46,5fb28b5e7d7d9300177c2533,0.10676586484738149,"[{'_id': '59cb59e81c073f09e76f614b', 'name': 'Bitcoin', 'slug': 'bitcoin', 'tradingSymbol': 'BTC'}, {'_id': '5e3844a816c3760019f74be2', 'name': 'Rally', 'slug': 'rally', 'tradingSymbol': 'RALLY'}, {'_id': '5a7b931102ac032bc99781f1', 'name': 'DATA', 'slug': 'data', 'tradingSymbol': 'DTA'}]","Recently, a bitcoin (BTC) technical analysis that was prepared by CitiFX for its institutional customers states that the crypto may surge to a high of $318,000 by December 2021. However farfetched it may seem, it might represent the ‘weakest’ major rally so far, at a 102 times surge from low to…",74330.30889549448,https://www.cryptovibes.com/wp-content/uploads/2020/11/bitcoin-to-hit-330K.jpg,General,2020-11-16T13:12:46.000Z,[],"{'_id': '5bacc0ff0c38a700190994a8', 'name': 'Cryptovibes', 'url': 'https://www.cryptovibes.com/', 'favicon': 'https://assets.cryptocontrol.io/favicons/5bacc0ff0c38a700190994a8.png'}",cryptovibes.com,"Bitcoin To Hit $318K By December 2021, Citibank Predicts",https://cryptocontrol.io/r/api/article/5fb28b5e7d7d9300177c2533?ref=5d2381021af7e4001116bb08,591
